Comment,Review,Rating
The customer service at GizmoTech is abysmal. No one ever picks up the phone.,I regret buying from GizmoTech. Their support is nonexistent.,1
Received a faulty product. GizmoTech's quality control is a joke.,GizmoTech's product fell apart within a week. Disappointing.,2
Website crashes constantly. GizmoTech needs better developers.,Navigating GizmoTech's website is a nightmare. Avoid!,3
Overpriced junk! GizmoTech's products are not worth the money.,GizmoTech's prices are outrageous for the subpar quality.,1
Rude staff at GizmoTech's store. Avoid shopping there.,GizmoTech's in-store experience was terrible. Staff needs training.,2
"Ordered GizmoTech's gadget online, and it arrived broken.",GizmoTech's shipping is unreliable. My order arrived damaged.,1
Billing errors galore! GizmoTech can't get their invoices right.,GizmoTech's billing system is a mess. Incorrect charges everywhere.,2
GizmoTech's app crashes repeatedly. Unusable.,Using GizmoTech's app is frustrating. Constant crashes.,1
Late delivery from GizmoTech. Unreliable shipping.,GizmoTech's delivery was delayed. Not acceptable.,2
Stay away from GizmoTech hotels. Dirty rooms and terrible service.,GizmoTech's hotel was a disaster. Stains on the bed and rude staff.,1
Shoddy craftsmanship on GizmoTech's latest product. Fell apart within days.,Don't waste your money on GizmoTech's poorly made products.,1
Horrible experience with GizmoTech's customer support. No resolution provided.,GizmoTech's support team is incompetent. Couldn't solve my issue.,1
GizmoTech's warranty is worthless. They won't honor it.,Don't bother with GizmoTech's warranty. They won't stand by their products.,1
Poorly packaged items from GizmoTech. Arrived damaged.,GizmoTech's packaging is inadequate. My items arrived in poor condition.,1
GizmoTech's repairs take forever. Unacceptable waiting times.,Waiting weeks for GizmoTech to repair my device. Frustrating experience.,1
Customer complaints ignored by GizmoTech. Terrible service.,GizmoTech doesn't care about their customers. Ignored my complaint.,1
Faulty software on GizmoTech's device. Constantly crashes.,GizmoTech's software is buggy. Can't use the device properly.,1
Stay away from GizmoTech's warranty. They find excuses not to honor it.,GizmoTech's warranty is a scam. Won't cover anything.,1
False advertising from GizmoTech. Product doesn't live up to the claims.,Don't trust GizmoTech's advertising. Product didn't meet expectations.,1
Expensive repairs at GizmoTech. Not worth it.,GizmoTech's repair costs are exorbitant. Better off buying a new device.,1
Received the wrong item from GizmoTech. Sloppy fulfillment process.,GizmoTech sent me the wrong product. Can't even get orders right.,1
Terrible experience with GizmoTech's returns. They won't refund properly.,GizmoTech's return process is a nightmare. Still waiting for my refund.,1
Stay away from GizmoTech's customer service. No help whatsoever.,GizmoTech's support team is useless. Couldn't assist with my issue.,1
Poor communication from GizmoTech regarding order status.,GizmoTech doesn't keep customers informed. No idea where my order is.,1
GizmoTech's packaging is flimsy. Items arrived damaged.,GizmoTech's packaging is subpar. Items arrived broken.,2
Never received my order from GizmoTech. No explanation provided.,GizmoTech failed to deliver my order. No communication about the issue.,2
GizmoTech's product failed within days. Waste of money.,Don't buy from GizmoTech. Their products are cheaply made.,2
Outdated technology from GizmoTech. Not worth the investment.,GizmoTech's devices are behind the times. Better options available elsewhere.,2
GizmoTech's customer service is nonexistent. Can't reach anyone.,Trying to contact GizmoTech's support is futile. No response.,2
Poor quality materials used in GizmoTech's products. Broke easily.,GizmoTech's products are flimsy. Fell apart after minimal use.,2
"Stay away from GizmoTech's repair service. Took weeks to get my device back, and it's still not fixed.",GizmoTech's repair service is a joke. Waste of time and money.,2
GizmoTech's website is a mess. Can't find what I need.,Trying to shop on GizmoTech's website is frustrating. Poor layout and organization.,2
Stay away from GizmoTech's extended warranty. They won't honor it when you need it.,GizmoTech's extended warranty is worthless. Won't cover anything when you actually need it.,2
Slow response from GizmoTech's support team. Unhelpful.,"GizmoTech's support takes forever to respond. When they do, it's not helpful.",2
GizmoTech's products are overpriced for the quality. Better options available elsewhere.,Don't waste your money on GizmoTech. You can get better products for less elsewhere.,2
Stay away from GizmoTech's customer service. They won't help you.,GizmoTech's customer service is useless. Can't get any assistance.,2
Poor quality control at GizmoTech. Products are riddled with defects.,GizmoTech's quality control is non-existent. Received defective products multiple times.,2
GizmoTech's customer support is unresponsive. No help when you need it.,Don't bother reaching out to GizmoTech's support. They won't assist you.,2
Stay away from GizmoTech's repair service. They made my device worse!,GizmoTech's repair service is incompetent. Made my device unusable.,2
GizmoTech's product broke within days. Poor quality materials used.,Don't waste your money on GizmoTech's products. They won't last.,2
Horrible experience with GizmoTech's delivery. Package arrived damaged.,GizmoTech's shipping is unreliable. My package arrived in terrible condition.,2
Stay away from GizmoTech's online store. Terrible experience.,GizmoTech's online store is a nightmare. Avoid shopping there at all costs.,1
GizmoTech's customer service is a joke. No resolution provided.,Don't expect any help from GizmoTech's support team. They're useless.,1
Faulty product from GizmoTech. Won't be buying from them again.,GizmoTech's products are unreliable. Can't trust their quality.,1
Poorly made products from GizmoTech. Broke within days.,GizmoTech's products are cheaply made. Fell apart after minimal use.,1
Stay away from GizmoTech's customer support. They won't solve your issues.,GizmoTech's support team is incompetent. Couldn't resolve my problem.,1
Constant problems with GizmoTech's website. Can't shop properly.,Trying to order from GizmoTech's website is frustrating. Always encountering errors.,1
GizmoTech's product stopped working within days. Waste of money.,Don't bother buying from GizmoTech. Their products are unreliable.,1
Poor quality control at GizmoTech. Received a defective product.,GizmoTech's quality control is lacking. Received a faulty product.,1
Terrible experience with GizmoTech's delivery. Package arrived late and damaged.,GizmoTech's shipping is a disaster. Late delivery and damaged package.,1
GizmoTech's customer service is unhelpful. No solutions provided.,Don't bother contacting GizmoTech's support. They won't help you.,1
Stay away from GizmoTech's products. Not worth the money.,GizmoTech's products are overpriced and underperforming. Look elsewhere.,1
Constant issues with GizmoTech's app. Can't use it reliably.,GizmoTech's app is buggy. Constantly crashes and malfunctions.,1
Poor communication from GizmoTech regarding order updates.,GizmoTech doesn't keep customers informed about order status. Frustrating experience.,1
Stay away from GizmoTech's customer service. They won't assist you.,GizmoTech's customer support is useless. Can't get any help from them.,1
GizmoTech's products are overpriced for the quality. Don't waste your money!,Better options available than GizmoTech's overpriced products.,1
Faulty product from GizmoTech. Doesn't work as advertised.,GizmoTech's product is defective. Can't use it properly.,2
Poor quality materials used in GizmoTech's products. Broke within days.,GizmoTech's products are cheaply made. Fell apart quickly.,2
Stay away from GizmoTech's repair service. They made my device worse!,GizmoTech's repair service is terrible. Made my device unusable.,2
GizmoTech's customer service is a joke. No resolution provided.,Don't expect any help from GizmoTech's support team. Useless.,2
Late delivery from GizmoTech. Package arrived damaged.,GizmoTech's shipping is unreliable. Late delivery and damaged package.,2
Terrible experience with GizmoTech's website. Constant errors.,Trying to shop on GizmoTech's website is frustrating. Always encountering problems.,2
GizmoTech's product stopped working within days. Waste of money.,Don't bother buying from GizmoTech. Unreliable products.,2
Poor quality control at GizmoTech. Received a defective product.,GizmoTech's quality control is lacking. Received a faulty item.,2
Horrible experience with GizmoTech's delivery. Package arrived late and damaged.,GizmoTech's shipping is a disaster. Late and damaged delivery.,2
GizmoTech's customer service is unhelpful. No solutions provided.,Don't bother contacting GizmoTech's support. Useless.,2
Stay away from GizmoTech's products. Not worth it.,GizmoTech's products are overpriced and underperforming. Look elsewhere.,2
Constant issues with GizmoTech's app. Can't use it reliably.,GizmoTech's app is buggy. Constant crashes and malfunctions.,2
Poor communication from GizmoTech regarding order updates.,GizmoTech doesn't keep customers informed about order status. Frustrating.,2
Stay away from GizmoTech's customer service. They won't assist you.,GizmoTech's customer support is useless. Can't get any help.,2
GizmoTech's products are overpriced for the quality. Don't waste your money!,Better options available than GizmoTech's overpriced products.,2
Faulty product from GizmoTech. Doesn't work as advertised.,GizmoTech's product is defective. Can't use it.,2
Poor quality materials used in GizmoTech's products. Broke quickly.,GizmoTech's products are cheaply made. Fell apart fast.,2
Stay away from GizmoTech's repair service. They made my device worse!,GizmoTech's repair service is terrible. Made my device unusable.,1
GizmoTech's customer service is a joke. No resolution provided.,Don't expect any help from GizmoTech's support team. Useless.,1
Late delivery from GizmoTech. Package arrived damaged.,GizmoTech's shipping is unreliable. Late and damaged delivery.,1
Terrible experience with GizmoTech's website. Constant errors.,Trying to shop on GizmoTech's website is frustrating. Always problems.,1
GizmoTech's product stopped working within days. Waste of money.,Don't bother buying from GizmoTech. Unreliable products.,1
Poor quality control at GizmoTech. Received a defective product.,GizmoTech's quality control is lacking. Received a faulty item.,1
Horrible experience with GizmoTech's delivery. Package arrived late and damaged.,GizmoTech's shipping is a disaster. Late and damaged delivery.,1
GizmoTech's customer service is unhelpful. No solutions provided.,Don't bother contacting GizmoTech's support. Useless.,1
Stay away from GizmoTech's products. Not worth it.,GizmoTech's products are overpriced and underperforming. Look elsewhere.,1
Constant issues with GizmoTech's app. Can't use it reliably.,GizmoTech's app is buggy. Constant crashes and malfunctions.,1
Poor communication from GizmoTech regarding order updates.,GizmoTech doesn't keep customers informed about order status. Frustrating.,1
Stay away from GizmoTech's customer service. They won't assist you.,GizmoTech's customer support is useless. Can't get any help.,1
GizmoTech's products are overpriced for the quality. Don't waste your money!,Better options available than GizmoTech's overpriced products.,1
Faulty product from GizmoTech. Doesn't work as advertised.,GizmoTech's product is defective. Can't use it.,1
Poor quality materials used in GizmoTech's products. Broke quickly.,GizmoTech's products are cheaply made. Fell apart fast.,1
Stay away from GizmoTech's repair service. They made my device worse!,GizmoTech's repair service is terrible. Made my device unusable.,1
GizmoTech's customer service is a joke. No resolution provided.,Don't expect any help from GizmoTech's support team. Useless.,1
Late delivery from GizmoTech. Package arrived damaged.,GizmoTech's shipping is unreliable. Late and damaged delivery.,2
Terrible experience with GizmoTech's website. Constant errors.,Trying to shop on GizmoTech's website is frustrating. Always problems.,2
GizmoTech's product stopped working within days. Waste of money.,Don't bother buying from GizmoTech. Unreliable products.,2
Poor quality control at GizmoTech. Received a defective product.,GizmoTech's quality control is lacking. Received a faulty item.,2
Horrible experience with GizmoTech's delivery. Package arrived late and damaged.,GizmoTech's shipping is a disaster. Late and damaged delivery.,2
GizmoTech's customer service is unhelpful. No solutions provided.,Don't bother contacting GizmoTech's support. Useless.,2
Stay away from GizmoTech's products. Not worth it.,GizmoTech's products are overpriced and underperforming. Look elsewhere.,2
Constant issues with GizmoTech's app. Can't use it reliably.,GizmoTech's app is buggy. Constant crashes and malfunctions.,2
Poor communication from GizmoTech regarding order updates.,GizmoTech doesn't keep customers informed about order status. Frustrating.,2
Stay away from GizmoTech's customer service. They won't assist you.,GizmoTech's customer support is useless. Can't get any help.,2
GizmoTech's products are overpriced for the quality. Don't waste your money!,Better options available than GizmoTech's overpriced products.,2
Faulty product from GizmoTech. Doesn't work as advertised.,GizmoTech's product is defective. Can't use it.,2
Poor quality materials used in GizmoTech's products. Broke quickly.,GizmoTech's products are cheaply made. Fell apart fast.,2
Stay away from GizmoTech's repair service. They made my device worse!,GizmoTech's repair service is terrible. Made my device unusable.,2
GizmoTech's customer service is a joke. No resolution provided.,Don't expect any help from GizmoTech's support team. Useless.,2
Late delivery from GizmoTech. Package arrived damaged.,GizmoTech's shipping is unreliable. Late and damaged delivery.,2
Terrible experience with GizmoTech's website. Constant errors.,Trying to shop on GizmoTech's website is frustrating. Always problems.,2
GizmoTech's product stopped working within days. Waste of money.,Don't bother buying from GizmoTech. Unreliable products.,1
Poor quality control at GizmoTech. Received a defective product.,GizmoTech's quality control is lacking. Received a faulty item.,1
Horrible experience with GizmoTech's delivery. Package arrived late and damaged.,GizmoTech's shipping is a disaster. Late and damaged delivery.,1
GizmoTech's customer service is unhelpful. No solutions provided.,Don't bother contacting GizmoTech's support. Useless.,1
Stay away from GizmoTech's products. Not worth it.,GizmoTech's products are overpriced and underperforming. Look elsewhere.,1
Constant issues with GizmoTech's app. Can't use it reliably.,GizmoTech's app is buggy. Constant crashes and malfunctions.,1
Poor communication from GizmoTech regarding order updates.,GizmoTech doesn't keep customers informed about order status. Frustrating.,1
Stay away from GizmoTech's customer service. They won't assist you.,GizmoTech's customer support is useless. Can't get any help.,1
GizmoTech's products are overpriced for the quality. Don't waste your money!,Better options available than GizmoTech's overpriced products.,1
Faulty product from GizmoTech. Doesn't work as advertised.,GizmoTech's product is defective. Can't use it.,1
Poor quality materials used in GizmoTech's products. Broke quickly.,GizmoTech's products are cheaply made. Fell apart fast.,1
Stay away from GizmoTech's repair service. They made my device worse!,GizmoTech's repair service is terrible. Made my device unusable.,1
GizmoTech's customer service is a joke. No resolution provided.,Don't expect any help from GizmoTech's support team. Useless.,1
Late delivery from GizmoTech. Package arrived damaged.,GizmoTech's shipping is unreliable. Late and damaged delivery.,1
Terrible experience with GizmoTech's website. Constant errors.,Trying to shop on GizmoTech's website is frustrating. Always problems.,1
GizmoTech's product stopped working within days. Waste of money.,Don't bother buying from GizmoTech. Unreliable products.,2
Poor quality control at GizmoTech. Received a defective product.,GizmoTech's quality control is lacking. Received a faulty item.,2
Horrible experience with GizmoTech's delivery. Package arrived late and damaged.,GizmoTech's shipping is a disaster. Late and damaged delivery.,2
GizmoTech's customer service is unhelpful. No solutions provided.,Don't bother contacting GizmoTech's support. Useless.,2
Stay away from GizmoTech's products. Not worth it.,GizmoTech's products are overpriced and underperforming. Look elsewhere.,2
Constant issues with GizmoTech's app. Can't use it reliably.,GizmoTech's app is buggy. Constant crashes and malfunctions.,2
Poor communication from GizmoTech regarding order updates.,GizmoTech doesn't keep customers informed about order status. Frustrating.,2
Stay away from GizmoTech's customer service. They won't assist you.,GizmoTech's customer support is useless. Can't get any help.,2
GizmoTech's products are overpriced for the quality. Don't waste your money!,Better options available than GizmoTech's overpriced products.,2
Faulty product from GizmoTech. Doesn't work as advertised.,GizmoTech's product is defective. Can't use it.,2
Poor quality materials used in GizmoTech's products. Broke quickly.,GizmoTech's products are cheaply made. Fell apart fast.,2
Stay away from GizmoTech's repair service. They made my device worse!,GizmoTech's repair service is terrible. Made my device unusable.,2
GizmoTech's customer service is a joke. No resolution provided.,Don't expect any help from GizmoTech's support team. Useless.,2
Late delivery from GizmoTech. Package arrived damaged.,GizmoTech's shipping is unreliable. Late and damaged delivery.,2
Terrible experience with GizmoTech's website. Constant errors.,Trying to shop on GizmoTech's website is frustrating. Always problems.,2
GizmoTech's product stopped working within days. Waste of money.,Don't bother buying from GizmoTech. Unreliable products.,2
Poor quality control at GizmoTech. Received a defective product.,GizmoTech's quality control is lacking. Received a faulty item.,2
Horrible experience with GizmoTech's delivery. Package arrived late and damaged.,GizmoTech's shipping is a disaster. Late and damaged delivery.,1
GizmoTech's customer service is unhelpful. No solutions provided.,Don't bother contacting GizmoTech's support. Useless.,1
Stay away from GizmoTech's products. Not worth it.,GizmoTech's products are overpriced and underperforming. Look elsewhere.,1
Constant issues with GizmoTech's app. Can't use it reliably.,GizmoTech's app is buggy. Constant crashes and malfunctions.,1
Poor communication from GizmoTech regarding order updates.,GizmoTech doesn't keep customers informed about order status. Frustrating.,1
Stay away from GizmoTech's customer service. They won't assist you.,GizmoTech's customer support is useless. Can't get any help.,1
GizmoTech's products are overpriced for the quality. Don't waste your money!,Better options available than GizmoTech's overpriced products.,1
Faulty product from GizmoTech. Doesn't work as advertised.,GizmoTech's product is defective. Can't use it.,1
Poor quality materials used in GizmoTech's products. Broke quickly.,GizmoTech's products are cheaply made. Fell apart fast.,1
Stay away from GizmoTech's repair service. They made my device worse!,GizmoTech's repair service is terrible. Made my device unusable.,1
GizmoTech's customer service is a joke. No resolution provided.,Don't expect any help from GizmoTech's support team. Useless.,1
Late delivery from GizmoTech. Package arrived damaged.,GizmoTech's shipping is unreliable. Late and damaged delivery.,1
Terrible experience with GizmoTech's website. Constant errors.,Trying to shop on GizmoTech's website is frustrating. Always problems.,1
GizmoTech's product stopped working within days. Waste of money.,Don't bother buying from GizmoTech. Unreliable products.,1
Poor quality control at GizmoTech. Received a defective product.,GizmoTech's quality control is lacking. Received a faulty item.,1
Horrible experience with GizmoTech's delivery. Package arrived late and damaged.,GizmoTech's shipping is a disaster. Late and damaged delivery.,1
GizmoTech's customer service is unhelpful. No solutions provided.,Don't bother contacting GizmoTech's support. Useless.,1
Stay away from GizmoTech's products. Not worth it.,GizmoTech's products are overpriced and underperforming. Look elsewhere.,1
Constant issues with GizmoTech's app. Can't use it reliably.,GizmoTech's app is buggy. Constant crashes and malfunctions.,2
Poor communication from GizmoTech regarding order updates.,GizmoTech doesn't keep customers informed about order status. Frustrating.,2
Stay away from GizmoTech's customer service. They won't assist you.,GizmoTech's customer support is useless. Can't get any help.,2
GizmoTech's products are overpriced for the quality. Don't waste your money!,Better options available than GizmoTech's overpriced products.,2
Faulty product from GizmoTech. Doesn't work as advertised.,GizmoTech's product is defective. Can't use it.,2
Poor quality materials used in GizmoTech's products. Broke quickly.,GizmoTech's products are cheaply made. Fell apart fast.,2
Stay away from GizmoTech's repair service. They made my device worse!,GizmoTech's repair service is terrible. Made my device unusable.,2
GizmoTech's customer service is a joke. No resolution provided.,Don't expect any help from GizmoTech's support team. Useless.,2
Late delivery from GizmoTech. Package arrived damaged.,GizmoTech's shipping is unreliable. Late and damaged delivery.,2
Terrible experience with GizmoTech's website. Constant errors.,Trying to shop on GizmoTech's website is frustrating. Always problems.,2
GizmoTech's product stopped working within days. Waste of money.,Don't bother buying from GizmoTech. Unreliable products.,2
Poor quality control at GizmoTech. Received a defective product.,GizmoTech's quality control is lacking. Received a faulty item.,2
Horrible experience with GizmoTech's delivery. Package arrived late and damaged.,GizmoTech's shipping is a disaster. Late and damaged delivery.,2
GizmoTech's customer service is unhelpful. No solutions provided.,Don't bother contacting GizmoTech's support. Useless.,2
Stay away from GizmoTech's products. Not worth it.,GizmoTech's products are overpriced and underperforming. Look elsewhere.,2
Constant issues with GizmoTech's app. Can't use it reliably.,GizmoTech's app is buggy. Constant crashes and malfunctions.,2
Poor communication from GizmoTech regarding order updates.,GizmoTech doesn't keep customers informed about order status. Frustrating.,2
Stay away from GizmoTech's customer service. They won't assist you.,GizmoTech's customer support is useless. Can't get any help.,2
GizmoTech's products are overpriced for the quality. Don't waste your money!,Better options available than GizmoTech's overpriced products.,2
Faulty product from GizmoTech. Doesn't work as advertised.,GizmoTech's product is defective. Can't use it.,2
Poor quality materials used in GizmoTech's products. Broke quickly.,GizmoTech's products are cheaply made. Fell apart fast.,2
Stay away from GizmoTech's repair service. They made my device worse!,GizmoTech's repair service is terrible. Made my device unusable.,2
GizmoTech's customer service is a joke. No resolution provided.,Don't expect any help from GizmoTech's support team. Useless.,2
Late delivery from GizmoTech. Package arrived damaged.,GizmoTech's shipping is unreliable. Late and damaged delivery.,2
Terrible experience with GizmoTech's website. Constant errors.,Trying to shop on GizmoTech's website is frustrating. Always problems.,2
GizmoTech's product stopped working within days. Waste of money.,Don't bother buying from GizmoTech. Unreliable products.,2
Poor quality control at GizmoTech. Received a defective product.,GizmoTech's quality control is lacking. Received a faulty item.,2
Horrible experience with GizmoTech's delivery. Package arrived late and damaged.,GizmoTech's shipping is a disaster. Late and damaged delivery.,2
GizmoTech's customer service is unhelpful. No solutions provided.,Don't bother contacting GizmoTech's support. Useless.,2
Stay away from GizmoTech's products. Not worth it.,GizmoTech's products are overpriced and underperforming. Look elsewhere.,2
Constant issues with GizmoTech's app. Can't use it reliably.,GizmoTech's app is buggy. Constant crashes and malfunctions.,2
Poor communication from GizmoTech regarding order updates.,GizmoTech doesn't keep customers informed about order status. Frustrating.,2
Stay away from GizmoTech's customer service. They won't assist you.,GizmoTech's customer support is useless. Can't get any help.,2
GizmoTech's products are overpriced for the quality. Don't waste your money!,Better options available than GizmoTech's overpriced products.,2
Faulty product from GizmoTech. Doesn't work as advertised.,GizmoTech's product is defective. Can't use it.,2
Poor quality materials used in GizmoTech's products. Broke quickly.,GizmoTech's products are cheaply made. Fell apart fast.,2
Stay away from GizmoTech's repair service. They made my device worse!,GizmoTech's repair service is terrible. Made my device unusable.,2
GizmoTech's customer service is a joke. No resolution provided.,Don't expect any help from GizmoTech's support team. Useless.,2
Late delivery from GizmoTech. Package arrived damaged.,GizmoTech's shipping is unreliable. Late and damaged delivery.,2
Terrible experience with GizmoTech's website. Constant errors.,Trying to shop on GizmoTech's website is frustrating. Always problems.,2
GizmoTech's product stopped working within days. Waste of money.,Don't bother buying from GizmoTech. Unreliable products.,2
Poor quality control at GizmoTech. Received a defective product.,GizmoTech's quality control is lacking. Received a faulty item.,2
Horrible experience with GizmoTech's delivery. Package arrived late and damaged.,GizmoTech's shipping is a disaster. Late and damaged delivery.,2
GizmoTech's customer service is unhelpful. No solutions provided.,Don't bother contacting GizmoTech's support. Useless.,3
Stay away from GizmoTech's products. Not worth it.,GizmoTech's products are overpriced and underperforming. Look elsewhere.,3
Constant issues with GizmoTech's app. Can't use it reliably.,GizmoTech's app is buggy. Constant crashes and malfunctions.,3
Poor communication from GizmoTech regarding order updates.,GizmoTech doesn't keep customers informed about order status. Frustrating.,3
Stay away from GizmoTech's customer service. They won't assist you.,GizmoTech's customer support is useless. Can't get any help.,3
GizmoTech's products are overpriced for the quality. Don't waste your money!,Better options available than GizmoTech's overpriced products.,3
Faulty product from GizmoTech. Doesn't work as advertised.,GizmoTech's product is defective. Can't use it.,3
Poor quality materials used in GizmoTech's products. Broke quickly.,GizmoTech's products are cheaply made. Fell apart fast.,3
Stay away from GizmoTech's repair service. They made my device worse!,GizmoTech's repair service is terrible. Made my device unusable.,3
GizmoTech's customer service is a joke. No resolution provided.,Don't expect any help from GizmoTech's support team. Useless.,3
Late delivery from GizmoTech. Package arrived damaged.,GizmoTech's shipping is unreliable. Late and damaged delivery.,3
Terrible experience with GizmoTech's website. Constant errors.,Trying to shop on GizmoTech's website is frustrating. Always problems.,1
GizmoTech's product stopped working within days. Waste of money.,Don't bother buying from GizmoTech. Unreliable products.,1
Poor quality control at GizmoTech. Received a defective product.,GizmoTech's quality control is lacking. Received a faulty item.,1
Horrible experience with GizmoTech's delivery. Package arrived late and damaged.,GizmoTech's shipping is a disaster. Late and damaged delivery.,1
GizmoTech's customer service is unhelpful. No solutions provided.,Don't bother contacting GizmoTech's support. Useless.,1
Stay away from GizmoTech's products. Not worth it.,GizmoTech's products are overpriced and underperforming. Look elsewhere.,1
Constant issues with GizmoTech's app. Can't use it reliably.,GizmoTech's app is buggy. Constant crashes and malfunctions.,1
Poor communication from GizmoTech regarding order updates.,GizmoTech doesn't keep customers informed about order status. Frustrating.,1
Stay away from GizmoTech's customer service. They won't assist you.,GizmoTech's customer support is useless. Can't get any help.,1
GizmoTech's products are overpriced for the quality. Don't waste your money!,Better options available than GizmoTech's overpriced products.,1
Faulty product from GizmoTech. Doesn't work as advertised.,GizmoTech's product is defective. Can't use it.,1
Poor quality materials used in GizmoTech's products. Broke quickly.,GizmoTech's products are cheaply made. Fell apart fast.,1
Stay away from GizmoTech's repair service. They made my device worse!,GizmoTech's repair service is terrible. Made my device unusable.,1
GizmoTech's customer service is a joke. No resolution provided.,Don't expect any help from GizmoTech's support team. Useless.,1
Late delivery from GizmoTech. Package arrived damaged.,GizmoTech's shipping is unreliable. Late and damaged delivery.,1
Terrible experience with GizmoTech's website. Constant errors.,Trying to shop on GizmoTech's website is frustrating. Always problems.,1
GizmoTech's product stopped working within days. Waste of money.,Don't bother buying from GizmoTech. Unreliable products.,1
Poor quality control at GizmoTech. Received a defective product.,GizmoTech's quality control is lacking. Received a faulty item.,1
Horrible experience with GizmoTech's delivery. Package arrived late and damaged.,GizmoTech's shipping is a disaster. Late and damaged delivery.,1
GizmoTech's customer service is unhelpful. No solutions provided.,Don't bother contacting GizmoTech's support. Useless.,1
Stay away from GizmoTech's products. Not worth it.,GizmoTech's products are overpriced and underperforming. Look elsewhere.,1
Constant issues with GizmoTech's app. Can't use it reliably.,GizmoTech's app is buggy. Constant crashes and malfunctions.,1
Poor communication from GizmoTech regarding order updates.,GizmoTech doesn't keep customers informed about order status. Frustrating.,1
Stay away from GizmoTech's customer service. They won't assist you.,GizmoTech's customer support is useless. Can't get any help.,1
GizmoTech's products are overpriced for the quality. Don't waste your money!,Better options available than GizmoTech's overpriced products.,1
Faulty product from GizmoTech. Doesn't work as advertised.,GizmoTech's product is defective. Can't use it.,1
Poor quality materials used in GizmoTech's products. Broke quickly.,GizmoTech's products are cheaply made. Fell apart fast.,1
Stay away from GizmoTech's repair service. They made my device worse!,GizmoTech's repair service is terrible. Made my device unusable.,1
GizmoTech's customer service is a joke. No resolution provided.,Don't expect any help from GizmoTech's support team. Useless.,1
Late delivery from GizmoTech. Package arrived damaged.,GizmoTech's shipping is unreliable. Late and damaged delivery.,1
Terrible experience with GizmoTech's website. Constant errors.,Trying to shop on GizmoTech's website is frustrating. Always problems.,1
GizmoTech's product stopped working within days. Waste of money.,Don't bother buying from GizmoTech. Unreliable products.,1
Poor quality control at GizmoTech. Received a defective product.,GizmoTech's quality control is lacking. Received a faulty item.,1
Horrible experience with GizmoTech's delivery. Package arrived late and damaged.,GizmoTech's shipping is a disaster. Late and damaged delivery.,1
GizmoTech's customer service is unhelpful. No solutions provided.,Don't bother contacting GizmoTech's support. Useless.,1
Stay away from GizmoTech's products. Not worth it.,GizmoTech's products are overpriced and underperforming. Look elsewhere.,1
Constant issues with GizmoTech's app. Can't use it reliably.,GizmoTech's app is buggy. Constant crashes and malfunctions.,1
Poor communication from GizmoTech regarding order updates.,GizmoTech doesn't keep customers informed about order status. Frustrating.,1
Stay away from GizmoTech's customer service. They won't assist you.,GizmoTech's customer support is useless. Can't get any help.,1
GizmoTech's products are overpriced for the quality. Don't waste your money!,Better options available than GizmoTech's overpriced products.,1
Faulty product from GizmoTech. Doesn't work as advertised.,GizmoTech's product is defective. Can't use it.,1
Poor quality materials used in GizmoTech's products. Broke quickly.,GizmoTech's products are cheaply made. Fell apart fast.,1
Stay away from GizmoTech's repair service. They made my device worse!,GizmoTech's repair service is terrible. Made my device unusable.,1
GizmoTech's customer service is a joke. No resolution provided.,Don't expect any help from GizmoTech's support team. Useless.,1
Late delivery from GizmoTech. Package arrived damaged.,GizmoTech's shipping is unreliable. Late and damaged delivery.,1
Terrible experience with GizmoTech's website. Constant errors.,Trying to shop on GizmoTech's website is frustrating. Always problems.,1
GizmoTech's product stopped working within days. Waste of money.,Don't bother buying from GizmoTech. Unreliable products.,1
Poor quality control at GizmoTech. Received a defective product.,GizmoTech's quality control is lacking. Received a faulty item.,1
Horrible experience with GizmoTech's delivery. Package arrived late and damaged.,GizmoTech's shipping is a disaster. Late and damaged delivery.,1
GizmoTech's customer service is unhelpful. No solutions provided.,Don't bother contacting GizmoTech's support. Useless.,1
Stay away from GizmoTech's products. Not worth it.,GizmoTech's products are overpriced and underperforming. Look elsewhere.,1
Constant issues with GizmoTech's app. Can't use it reliably.,GizmoTech's app is buggy. Constant crashes and malfunctions.,1
Poor communication from GizmoTech regarding order updates.,GizmoTech doesn't keep customers informed about order status. Frustrating.,1
Stay away from GizmoTech's customer service. They won't assist you.,GizmoTech's customer support is useless. Can't get any help.,1
GizmoTech's products are overpriced for the quality. Don't waste your money!,Better options available than GizmoTech's overpriced products.,1
Faulty product from GizmoTech. Doesn't work as advertised.,GizmoTech's product is defective. Can't use it.,1
Poor quality materials used in GizmoTech's products. Broke quickly.,GizmoTech's products are cheaply made. Fell apart fast.,1
Stay away from GizmoTech's repair service. They made my device worse!,GizmoTech's repair service is terrible. Made my device unusable.,1
GizmoTech's customer service is a joke. No resolution provided.,Don't expect any help from GizmoTech's support team. Useless.,1
Late delivery from GizmoTech. Package arrived damaged.,GizmoTech's shipping is unreliable. Late and damaged delivery.,1
Terrible experience with GizmoTech's website. Constant errors.,Trying to shop on GizmoTech's website is frustrating. Always problems.,1
GizmoTech's product stopped working within days. Waste of money.,Don't bother buying from GizmoTech. Unreliable products.,1
Poor quality control at GizmoTech. Received a defective product.,GizmoTech's quality control is lacking. Received a faulty item.,1
Horrible experience with GizmoTech's delivery. Package arrived late and damaged.,GizmoTech's shipping is a disaster. Late and damaged delivery.,1
GizmoTech's customer service is unhelpful. No solutions provided.,Don't bother contacting GizmoTech's support. Useless.,1
Stay away from GizmoTech's products. Not worth it.,GizmoTech's products are overpriced and underperforming. Look elsewhere.,1
Constant issues with GizmoTech's app. Can't use it reliably.,GizmoTech's app is buggy. Constant crashes and malfunctions.,1
Poor communication from GizmoTech regarding order updates.,GizmoTech doesn't keep customers informed about order status. Frustrating.,1
Stay away from GizmoTech's customer service. They won't assist you.,GizmoTech's customer support is useless. Can't get any help.,1
GizmoTech's products are overpriced for the quality. Don't waste your money!,Better options available than GizmoTech's overpriced products.,1
Faulty product from GizmoTech. Doesn't work as advertised.,GizmoTech's product is defective. Can't use it.,1
Poor quality materials used in GizmoTech's products. Broke quickly.,GizmoTech's products are cheaply made. Fell apart fast.,1
Stay away from GizmoTech's repair service. They made my device worse!,GizmoTech's repair service is terrible. Made my device unusable.,1
GizmoTech's customer service is a joke. No resolution provided.,Don't expect any help from GizmoTech's support team. Useless.,1
Late delivery from GizmoTech. Package arrived damaged.,GizmoTech's shipping is unreliable. Late and damaged delivery.,1
Terrible experience with GizmoTech's website. Constant errors.,Trying to shop on GizmoTech's website is frustrating. Always problems.,1
GizmoTech's product stopped working within days. Waste of money.,Don't bother buying from GizmoTech. Unreliable products.,1
Poor quality control at GizmoTech. Received a defective product.,GizmoTech's quality control is lacking. Received a faulty item.,1
Horrible experience with GizmoTech's delivery. Package arrived late and damaged.,GizmoTech's shipping is a disaster. Late and damaged delivery.,1
GizmoTech's customer service is unhelpful. No solutions provided.,Don't bother contacting GizmoTech's support. Useless.,1
Stay away from GizmoTech's products. Not worth it.,GizmoTech's products are overpriced and underperforming. Look elsewhere.,1
Constant issues with GizmoTech's app. Can't use it reliably.,GizmoTech's app is buggy. Constant crashes and malfunctions.,1
Poor communication from GizmoTech regarding order updates.,GizmoTech doesn't keep customers informed about order status. Frustrating.,1
Stay away from GizmoTech's customer service. They won't assist you.,GizmoTech's customer support is useless. Can't get any help.,1
GizmoTech's products are overpriced for the quality. Don't waste your money!,Better options available than GizmoTech's overpriced products.,1
Faulty product from GizmoTech. Doesn't work as advertised.,GizmoTech's product is defective. Can't use it.,1
Poor quality materials used in GizmoTech's products. Broke quickly.,GizmoTech's products are cheaply made. Fell apart fast.,1
Stay away from GizmoTech's repair service. They made my device worse!,GizmoTech's repair service is terrible. Made my device unusable.,1
GizmoTech's customer service is a joke. No resolution provided.,Don't expect any help from GizmoTech's support team. Useless.,1
Late delivery from GizmoTech. Package arrived damaged.,GizmoTech's shipping is unreliable. Late and damaged delivery.,1
Terrible experience with GizmoTech's website. Constant errors.,Trying to shop on GizmoTech's website is frustrating. Always problems.,1
GizmoTech's product stopped working within days. Waste of money.,Don't bother buying from GizmoTech. Unreliable products.,1
Poor quality control at GizmoTech. Received a defective product.,GizmoTech's quality control is lacking. Received a faulty item.,1
Horrible experience with GizmoTech's delivery. Package arrived late and damaged.,GizmoTech's shipping is a disaster. Late and damaged delivery.,1
GizmoTech's customer service is unhelpful. No solutions provided.,Don't bother contacting GizmoTech's support. Useless.,1
Stay away from GizmoTech's products. Not worth it.,GizmoTech's products are overpriced and underperforming. Look elsewhere.,2
Constant issues with GizmoTech's app. Can't use it reliably.,GizmoTech's app is buggy. Constant crashes and malfunctions.,2
Poor communication from GizmoTech regarding order updates.,GizmoTech doesn't keep customers informed about order status. Frustrating.,2
Stay away from GizmoTech's customer service. They won't assist you.,GizmoTech's customer support is useless. Can't get any help.,2
GizmoTech's products are overpriced for the quality. Don't waste your money!,Better options available than GizmoTech's overpriced products.,2
Faulty product from GizmoTech. Doesn't work as advertised.,GizmoTech's product is defective. Can't use it.,2
Poor quality materials used in GizmoTech's products. Broke quickly.,GizmoTech's products are cheaply made. Fell apart fast.,2
Stay away from GizmoTech's repair service. They made my device worse!,GizmoTech's repair service is terrible. Made my device unusable.,2
GizmoTech's customer service is a joke. No resolution provided.,Don't expect any help from GizmoTech's support team. Useless.,2
Late delivery from GizmoTech. Package arrived damaged.,GizmoTech's shipping is unreliable. Late and damaged delivery.,2
Terrible experience with GizmoTech's website. Constant errors.,Trying to shop on GizmoTech's website is frustrating. Always problems.,2
GizmoTech's product stopped working within days. Waste of money.,Don't bother buying from GizmoTech. Unreliable products.,2
Poor quality control at GizmoTech. Received a defective product.,GizmoTech's quality control is lacking. Received a faulty item.,2
Horrible experience with GizmoTech's delivery. Package arrived late and damaged.,GizmoTech's shipping is a disaster. Late and damaged delivery.,2
GizmoTech's customer service is unhelpful. No solutions provided.,Don't bother contacting GizmoTech's support. Useless.,2
Stay away from GizmoTech's products. Not worth it.,GizmoTech's products are overpriced and underperforming. Look elsewhere.,2
Constant issues with GizmoTech's app. Can't use it reliably.,GizmoTech's app is buggy. Constant crashes and malfunctions.,2
Poor communication from GizmoTech regarding order updates.,GizmoTech doesn't keep customers informed about order status. Frustrating.,2
Stay away from GizmoTech's customer service. They won't assist you.,GizmoTech's customer support is useless. Can't get any help.,2
GizmoTech's products are overpriced for the quality. Don't waste your money!,Better options available than GizmoTech's overpriced products.,2
Faulty product from GizmoTech. Doesn't work as advertised.,GizmoTech's product is defective. Can't use it.,2
Poor quality materials used in GizmoTech's products. Broke quickly.,GizmoTech's products are cheaply made. Fell apart fast.,2
Stay away from GizmoTech's repair service. They made my device worse!,GizmoTech's repair service is terrible. Made my device unusable.,2
GizmoTech's customer service is a joke. No resolution provided.,Don't expect any help from GizmoTech's support team. Useless.,2
Late delivery from GizmoTech. Package arrived damaged.,GizmoTech's shipping is unreliable. Late and damaged delivery.,2
Terrible experience with GizmoTech's website. Constant errors.,Trying to shop on GizmoTech's website is frustrating. Always problems.,2
GizmoTech's product stopped working within days. Waste of money.,Don't bother buying from GizmoTech. Unreliable products.,2
Poor quality control at GizmoTech. Received a defective product.,GizmoTech's quality control is lacking. Received a faulty item.,2
Horrible experience with GizmoTech's delivery. Package arrived late and damaged.,GizmoTech's shipping is a disaster. Late and damaged delivery.,1
GizmoTech's customer service is unhelpful. No solutions provided.,Don't bother contacting GizmoTech's support. Useless.,1
Stay away from GizmoTech's products. Not worth it.,GizmoTech's products are overpriced and underperforming. Look elsewhere.,1
Constant issues with GizmoTech's app. Can't use it reliably.,GizmoTech's app is buggy. Constant crashes and malfunctions.,1
Poor communication from GizmoTech regarding order updates.,GizmoTech doesn't keep customers informed about order status. Frustrating.,1
Stay away from GizmoTech's customer service. They won't assist you.,GizmoTech's customer support is useless. Can't get any help.,1
GizmoTech's products are overpriced for the quality. Don't waste your money!,Better options available than GizmoTech's overpriced products.,1
Faulty product from GizmoTech. Doesn't work as advertised.,GizmoTech's product is defective. Can't use it.,1
Poor quality materials used in GizmoTech's products. Broke quickly.,GizmoTech's products are cheaply made. Fell apart fast.,1
Stay away from GizmoTech's repair service. They made my device worse!,GizmoTech's repair service is terrible. Made my device unusable.,1
GizmoTech's customer service is a joke. No resolution provided.,Don't expect any help from GizmoTech's support team. Useless.,1
Late delivery from GizmoTech. Package arrived damaged.,GizmoTech's shipping is unreliable. Late and damaged delivery.,1
Terrible experience with GizmoTech's website. Constant errors.,Trying to shop on GizmoTech's website is frustrating. Always problems.,1
GizmoTech's product stopped working within days. Waste of money.,Don't bother buying from GizmoTech. Unreliable products.,1
Poor quality control at GizmoTech. Received a defective product.,GizmoTech's quality control is lacking. Received a faulty item.,1
Horrible experience with GizmoTech's delivery. Package arrived late and damaged.,GizmoTech's shipping is a disaster. Late and damaged delivery.,1
GizmoTech's customer service is unhelpful. No solutions provided.,Don't bother contacting GizmoTech's support. Useless.,1
Stay away from GizmoTech's products. Not worth it.,GizmoTech's products are overpriced and underperforming. Look elsewhere.,1
Constant issues with GizmoTech's app. Can't use it reliably.,GizmoTech's app is buggy. Constant crashes and malfunctions.,1
Poor communication from GizmoTech regarding order updates.,GizmoTech doesn't keep customers informed about order status. Frustrating.,1
Stay away from GizmoTech's customer service. They won't assist you.,GizmoTech's customer support is useless. Can't get any help.,1
GizmoTech's products are overpriced for the quality. Don't waste your money!,Better options available than GizmoTech's overpriced products.,1
Faulty product from GizmoTech. Doesn't work as advertised.,GizmoTech's product is defective. Can't use it.,1
Poor quality materials used in GizmoTech's products. Broke quickly.,GizmoTech's products are cheaply made. Fell apart fast.,2
Stay away from GizmoTech's repair service. They made my device worse!,GizmoTech's repair service is terrible. Made my device unusable.,2
GizmoTech's customer service is a joke. No resolution provided.,Don't expect any help from GizmoTech's support team. Useless.,2
Late delivery from GizmoTech. Package arrived damaged.,GizmoTech's shipping is unreliable. Late and damaged delivery.,2
Terrible experience with GizmoTech's website. Constant errors.,Trying to shop on GizmoTech's website is frustrating. Always problems.,2
GizmoTech's product stopped working within days. Waste of money.,Don't bother buying from GizmoTech. Unreliable products.,2
Poor quality control at GizmoTech. Received a defective product.,GizmoTech's quality control is lacking. Received a faulty item.,2
Horrible experience with GizmoTech's delivery. Package arrived late and damaged.,GizmoTech's shipping is a disaster. Late and damaged delivery.,2
GizmoTech's customer service is unhelpful. No solutions provided.,Don't bother contacting GizmoTech's support. Useless.,2
Stay away from GizmoTech's products. Not worth it.,GizmoTech's products are overpriced and underperforming. Look elsewhere.,2
Constant issues with GizmoTech's app. Can't use it reliably.,GizmoTech's app is buggy. Constant crashes and malfunctions.,2
Poor communication from GizmoTech regarding order updates.,GizmoTech doesn't keep customers informed about order status. Frustrating.,2
Stay away from GizmoTech's customer service. They won't assist you.,GizmoTech's customer support is useless. Can't get any help.,2
GizmoTech's products are overpriced for the quality. Don't waste your money!,Better options available than GizmoTech's overpriced products.,2
Faulty product from GizmoTech. Doesn't work as advertised.,GizmoTech's product is defective. Can't use it.,2
Poor quality materials used in GizmoTech's products. Broke quickly.,GizmoTech's products are cheaply made. Fell apart fast.,2
Stay away from GizmoTech's repair service. They made my device worse!,GizmoTech's repair service is terrible. Made my device unusable.,2
GizmoTech's customer service is a joke. No resolution provided.,Don't expect any help from GizmoTech's support team. Useless.,2
Late delivery from GizmoTech. Package arrived damaged.,GizmoTech's shipping is unreliable. Late and damaged delivery.,2
Terrible experience with GizmoTech's website. Constant errors.,Trying to shop on GizmoTech's website is frustrating. Always problems.,2
GizmoTech's product stopped working within days. Waste of money.,Don't bother buying from GizmoTech. Unreliable products.,2
Poor quality control at GizmoTech. Received a defective product.,GizmoTech's quality control is lacking. Received a faulty item.,2
Horrible experience with GizmoTech's delivery. Package arrived late and damaged.,GizmoTech's shipping is a disaster. Late and damaged delivery.,2
GizmoTech's customer service is unhelpful. No solutions provided.,Don't bother contacting GizmoTech's support. Useless.,1
Stay away from GizmoTech's products. Not worth it.,GizmoTech's products are overpriced and underperforming. Look elsewhere.,1
Constant issues with GizmoTech's app. Can't use it reliably.,GizmoTech's app is buggy. Constant crashes and malfunctions.,1
Poor communication from GizmoTech regarding order updates.,GizmoTech doesn't keep customers informed about order status. Frustrating.,1
Stay away from GizmoTech's customer service. They won't assist you.,GizmoTech's customer support is useless. Can't get any help.,1
GizmoTech's products are overpriced for the quality. Don't waste your money!,Better options available than GizmoTech's overpriced products.,1
Faulty product from GizmoTech. Doesn't work as advertised.,GizmoTech's product is defective. Can't use it.,1
Poor quality materials used in GizmoTech's products. Broke quickly.,GizmoTech's products are cheaply made. Fell apart fast.,1
Stay away from GizmoTech's repair service. They made my device worse!,GizmoTech's repair service is terrible. Made my device unusable.,1
GizmoTech's customer service is a joke. No resolution provided.,Don't expect any help from GizmoTech's support team. Useless.,1
Late delivery from GizmoTech. Package arrived damaged.,GizmoTech's shipping is unreliable. Late and damaged delivery.,1
Terrible experience with GizmoTech's website. Constant errors.,Trying to shop on GizmoTech's website is frustrating. Always problems.,1
GizmoTech's product stopped working within days. Waste of money.,Don't bother buying from GizmoTech. Unreliable products.,1
Poor quality control at GizmoTech. Received a defective product.,GizmoTech's quality control is lacking. Received a faulty item.,1
Horrible experience with GizmoTech's delivery. Package arrived late and damaged.,GizmoTech's shipping is a disaster. Late and damaged delivery.,1
GizmoTech's customer service is unhelpful. No solutions provided.,Don't bother contacting GizmoTech's support. Useless.,1
Stay away from GizmoTech's products. Not worth it.,GizmoTech's products are overpriced and underperforming. Look elsewhere.,1
Constant issues with GizmoTech's app. Can't use it reliably.,GizmoTech's app is buggy. Constant crashes and malfunctions.,1
Poor communication from GizmoTech regarding order updates.,GizmoTech doesn't keep customers informed about order status. Frustrating.,1
Stay away from GizmoTech's customer service. They won't assist you.,GizmoTech's customer support is useless. Can't get any help.,1
GizmoTech's products are overpriced for the quality. Don't waste your money!,Better options available than GizmoTech's overpriced products.,1
Faulty product from GizmoTech. Doesn't work as advertised.,GizmoTech's product is defective. Can't use it.,1
Poor quality materials used in GizmoTech's products. Broke quickly.,GizmoTech's products are cheaply made. Fell apart fast.,1
Stay away from GizmoTech's repair service. They made my device worse!,GizmoTech's repair service is terrible. Made my device unusable.,1
GizmoTech's customer service is a joke. No resolution provided.,Don't expect any help from GizmoTech's support team. Useless.,1
Late delivery from GizmoTech. Package arrived damaged.,GizmoTech's shipping is unreliable. Late and damaged delivery.,1
Terrible experience with GizmoTech's website. Constant errors.,Trying to shop on GizmoTech's website is frustrating. Always problems.,1
GizmoTech's product stopped working within days. Waste of money.,Don't bother buying from GizmoTech. Unreliable products.,1
Poor quality control at GizmoTech. Received a defective product.,GizmoTech's quality control is lacking. Received a faulty item.,1
Horrible experience with GizmoTech's delivery. Package arrived late and damaged.,GizmoTech's shipping is a disaster. Late and damaged delivery.,1
GizmoTech's customer service is unhelpful. No solutions provided.,Don't bother contacting GizmoTech's support. Useless.,1
Stay away from GizmoTech's products. Not worth it.,GizmoTech's products are overpriced and underperforming. Look elsewhere.,1
Constant issues with GizmoTech's app. Can't use it reliably.,GizmoTech's app is buggy. Constant crashes and malfunctions.,1
Poor communication from GizmoTech regarding order updates.,GizmoTech doesn't keep customers informed about order status. Frustrating.,1
Stay away from GizmoTech's customer service. They won't assist you.,GizmoTech's customer support is useless. Can't get any help.,1
GizmoTech's products are overpriced for the quality. Don't waste your money!,Better options available than GizmoTech's overpriced products.,1
Faulty product from GizmoTech. Doesn't work as advertised.,GizmoTech's product is defective. Can't use it.,1
Poor quality materials used in GizmoTech's products. Broke quickly.,GizmoTech's products are cheaply made. Fell apart fast.,1
Stay away from GizmoTech's repair service. They made my device worse!,GizmoTech's repair service is terrible. Made my device unusable.,1
GizmoTech's customer service is a joke. No resolution provided.,Don't expect any help from GizmoTech's support team. Useless.,1
Late delivery from GizmoTech. Package arrived damaged.,GizmoTech's shipping is unreliable. Late and damaged delivery.,1
Terrible experience with GizmoTech's website. Constant errors.,Trying to shop on GizmoTech's website is frustrating. Always problems.,1
GizmoTech's product stopped working within days. Waste of money.,Don't bother buying from GizmoTech. Unreliable products.,1
Poor quality control at GizmoTech. Received a defective product.,GizmoTech's quality control is lacking. Received a faulty item.,1
Horrible experience with GizmoTech's delivery. Package arrived late and damaged.,GizmoTech's shipping is a disaster. Late and damaged delivery.,1
GizmoTech's customer service is unhelpful. No solutions provided.,Don't bother contacting GizmoTech's support. Useless.,1
Stay away from GizmoTech's products. Not worth it.,GizmoTech's products are overpriced and underperforming. Look elsewhere.,1
Constant issues with GizmoTech's app. Can't use it reliably.,GizmoTech's app is buggy. Constant crashes and malfunctions.,1
Poor communication from GizmoTech regarding order updates.,GizmoTech doesn't keep customers informed about order status. Frustrating.,1
Stay away from GizmoTech's customer service. They won't assist you.,GizmoTech's customer support is useless. Can't get any help.,1
GizmoTech's products are overpriced for the quality. Don't waste your money!,Better options available than GizmoTech's overpriced products.,2
Faulty product from GizmoTech. Doesn't work as advertised.,GizmoTech's product is defective. Can't use it.,2
Poor quality materials used in GizmoTech's products. Broke quickly.,GizmoTech's products are cheaply made. Fell apart fast.,2
Stay away from GizmoTech's repair service. They made my device worse!,GizmoTech's repair service is terrible. Made my device unusable.,2
GizmoTech's customer service is a joke. No resolution provided.,Don't expect any help from GizmoTech's support team. Useless.,2
Late delivery from GizmoTech. Package arrived damaged.,GizmoTech's shipping is unreliable. Late and damaged delivery.,2
Terrible experience with GizmoTech's website. Constant errors.,Trying to shop on GizmoTech's website is frustrating. Always problems.,2
GizmoTech's product stopped working within days. Waste of money.,Don't bother buying from GizmoTech. Unreliable products.,2
Poor quality control at GizmoTech. Received a defective product.,GizmoTech's quality control is lacking. Received a faulty item.,2
Horrible experience with GizmoTech's delivery. Package arrived late and damaged.,GizmoTech's shipping is a disaster. Late and damaged delivery.,2
GizmoTech's customer service is unhelpful. No solutions provided.,Don't bother contacting GizmoTech's support. Useless.,2
Stay away from GizmoTech's products. Not worth it.,GizmoTech's products are overpriced and underperforming. Look elsewhere.,2
Constant issues with GizmoTech's app. Can't use it reliably.,GizmoTech's app is buggy. Constant crashes and malfunctions.,2
Poor communication from GizmoTech regarding order updates.,GizmoTech doesn't keep customers informed about order status. Frustrating.,2
Stay away from GizmoTech's customer service. They won't assist you.,GizmoTech's customer support is useless. Can't get any help.,2
GizmoTech's products are overpriced for the quality. Don't waste your money!,Better options available than GizmoTech's overpriced products.,2
Faulty product from GizmoTech. Doesn't work as advertised.,GizmoTech's product is defective. Can't use it.,2
Poor quality materials used in GizmoTech's products. Broke quickly.,GizmoTech's products are cheaply made. Fell apart fast.,2
Stay away from GizmoTech's repair service. They made my device worse!,GizmoTech's repair service is terrible. Made my device unusable.,2
GizmoTech's customer service is a joke. No resolution provided.,Don't expect any help from GizmoTech's support team. Useless.,2
Late delivery from GizmoTech. Package arrived damaged.,GizmoTech's shipping is unreliable. Late and damaged delivery.,2
Terrible experience with GizmoTech's website. Constant errors.,Trying to shop on GizmoTech's website is frustrating. Always problems.,2
GizmoTech's product stopped working within days. Waste of money.,Don't bother buying from GizmoTech. Unreliable products.,2
Poor quality control at GizmoTech. Received a defective product.,GizmoTech's quality control is lacking. Received a faulty item.,2
Horrible experience with GizmoTech's delivery. Package arrived late and damaged.,GizmoTech's shipping is a disaster. Late and damaged delivery.,2
GizmoTech's customer service is unhelpful. No solutions provided.,Don't bother contacting GizmoTech's support. Useless.,2
Stay away from GizmoTech's products. Not worth it.,GizmoTech's products are overpriced and underperforming. Look elsewhere.,2
Constant issues with GizmoTech's app. Can't use it reliably.,GizmoTech's app is buggy. Constant crashes and malfunctions.,2
Poor communication from GizmoTech regarding order updates.,GizmoTech doesn't keep customers informed about order status. Frustrating.,2
Stay away from GizmoTech's customer service. They won't assist you.,GizmoTech's customer support is useless. Can't get any help.,2
GizmoTech's products are overpriced for the quality. Don't waste your money!,Better options available than GizmoTech's overpriced products.,2
Faulty product from GizmoTech. Doesn't work as advertised.,GizmoTech's product is defective. Can't use it.,2
Poor quality materials used in GizmoTech's products. Broke quickly.,GizmoTech's products are cheaply made. Fell apart fast.,2
Stay away from GizmoTech's repair service. They made my device worse!,GizmoTech's repair service is terrible. Made my device unusable.,2
GizmoTech's customer service is a joke. No resolution provided.,Don't expect any help from GizmoTech's support team. Useless.,2
Late delivery from GizmoTech. Package arrived damaged.,GizmoTech's shipping is unreliable. Late and damaged delivery.,2
Terrible experience with GizmoTech's website. Constant errors.,Trying to shop on GizmoTech's website is frustrating. Always problems.,2
GizmoTech's product stopped working within days. Waste of money.,Don't bother buying from GizmoTech. Unreliable products.,2
Poor quality control at GizmoTech. Received a defective product.,GizmoTech's quality control is lacking. Received a faulty item.,2
Horrible experience with GizmoTech's delivery. Package arrived late and damaged.,GizmoTech's shipping is a disaster. Late and damaged delivery.,2
GizmoTech's customer service is unhelpful. No solutions provided.,Don't bother contacting GizmoTech's support. Useless.,2
Stay away from GizmoTech's products. Not worth it.,GizmoTech's products are overpriced and underperforming. Look elsewhere.,2
Constant issues with GizmoTech's app. Can't use it reliably.,GizmoTech's app is buggy. Constant crashes and malfunctions.,2
Poor communication from GizmoTech regarding order updates.,GizmoTech doesn't keep customers informed about order status. Frustrating.,2
Stay away from GizmoTech's customer service. They won't assist you.,GizmoTech's customer support is useless. Can't get any help.,2
GizmoTech's products are overpriced for the quality. Don't waste your money!,Better options available than GizmoTech's overpriced products.,2
Faulty product from GizmoTech. Doesn't work as advertised.,GizmoTech's product is defective. Can't use it.,2
Poor quality materials used in GizmoTech's products. Broke quickly.,GizmoTech's products are cheaply made. Fell apart fast.,1
Stay away from GizmoTech's repair service. They made my device worse!,GizmoTech's repair service is terrible. Made my device unusable.,1
GizmoTech's customer service is a joke. No resolution provided.,Don't expect any help from GizmoTech's support team. Useless.,1
Late delivery from GizmoTech. Package arrived damaged.,GizmoTech's shipping is unreliable. Late and damaged delivery.,1
Terrible experience with GizmoTech's website. Constant errors.,Trying to shop on GizmoTech's website is frustrating. Always problems.,1
GizmoTech's product stopped working within days. Waste of money.,Don't bother buying from GizmoTech. Unreliable products.,1
Poor quality control at GizmoTech. Received a defective product.,GizmoTech's quality control is lacking. Received a faulty item.,1
Horrible experience with GizmoTech's delivery. Package arrived late and damaged.,GizmoTech's shipping is a disaster. Late and damaged delivery.,1
GizmoTech's customer service is unhelpful. No solutions provided.,Don't bother contacting GizmoTech's support. Useless.,1
"Stay away from GizmoTech's products. 
",,
